About,crwdns112978:0crwdne112978:0,
Active,crwdns113056:0crwdne113056:0,
Address,crwdns113204:0crwdne113204:0,
Amended From,crwdns143898:0crwdne143898:0,
Apps,crwdns148374:0crwdne148374:0,
Call,crwdns114314:0crwdne114314:0,
Cancelled,crwdns114378:0crwdne114378:0,
Company,crwdns114910:0crwdne114910:0,
Currency,crwdns115262:0crwdne115262:0,
Current,crwdns144528:0crwdne144528:0,
Date,crwdns115580:0crwdne115580:0,
Description,crwdns115818:0crwdne115818:0,
Email,crwdns116472:0crwdne116472:0,
Email Address,crwdns116518:0crwdne116518:0,
Email Template,crwdns116600:0crwdne116600:0,
Enabled,crwdns116704:0crwdne116704:0,
Expired,crwdns145018:0crwdne145018:0,
Frappe Support,crwdns117604:0crwdne117604:0,
From,crwdns117630:0crwdne117630:0,
Image,crwdns145494:0crwdne145494:0,
Introduction,crwdns145592:0crwdne145592:0,
Keyboard Shortcuts,crwdns118988:0crwdne118988:0,
Log out,crwdns119460:0crwdne119460:0,
Meeting,crwdns145988:0crwdne145988:0,
Members,crwdns145992:0crwdne145992:0,
Monthly,crwdns119968:0crwdne119968:0,
My Profile,crwdns120052:0crwdne120052:0,
My Settings,crwdns120054:0crwdne120054:0,
Naming Series,crwdns146094:0crwdne146094:0,
New,crwdns120138:0crwdne120138:0,
Note,crwdns120524:0crwdne120524:0,
Open,crwdns120780:0crwdne120780:0,
Other,crwdns146274:0crwdne146274:0,
Pending,crwdns146366:0crwdne146366:0,
Phone,crwdns146396:0crwdne146396:0,
Published,crwdns121782:0crwdne121782:0,
Reload,crwdns122270:0crwdne122270:0,
Route,crwdns146788:0crwdne146788:0,
SMS,crwdns146820:0crwdne146820:0,
Session Defaults,crwdns123422:0crwdne123422:0,
System Manager,crwdns124296:0crwdne124296:0,
To,crwdns124864:0crwdne124864:0,
Toggle Full Width,crwdns124932:0crwdne124932:0,
Toggle Theme,crwdns124940:0crwdne124940:0,
Type,crwdns125110:0crwdne125110:0,
Updates,crwdns147594:0crwdne147594:0,
User,crwdns125394:0crwdne125394:0,
Validity,crwdns147690:0crwdne147690:0,
View Website,crwdns125722:0crwdne125722:0,
Weekdays,crwdns147766:0crwdne147766:0,
Weekly,crwdns125928:0crwdne125928:0,
Yearly,crwdns126138:0crwdne126138:0,
